[
  {
    "id": "123",
    "licenseKey": "ABC123",
    "activationStatus": "Active",
    "quantity": 10,
    "expirationDate": "2023-12-31",
    "assignedUsers": [
      {
        "userID": "user1",
        "name": "John Doe"
      },
      {
        "userID": "user2",
        "name": "Jane Smith"
      }
    ],
    "softwareProduct": {
      "productID": "product1",
      "name": "Product A"
    },
    "AgreementStartDate": "2022-01-01",
    "AgreementEndDate": "2025-12-31"
  },
  {
    "id": "123",
    "licenseKey": "ABC123",
    "activationStatus": "Active",
    "quantity": 10,
    "expirationDate": "2023-12-31",
    "assignedUsers": [
      {
        "userID": "user1",
        "name": "John Doe"
      },
      {
        "userID": "user2",
        "name": "Jane Smith"
      }
    ],
    "softwareProduct": {
      "productID": "product1",
      "name": "Product A"
    },
    "AgreementStartDate": "2022-01-01",
    "AgreementEndDate": "2025-12-31"
  },
  {
    "id": "456",
    "licenseKey": "DEF456",
    "activationStatus": "Expired",
    "quantity": 5,
    "expirationDate": "2022-06-30",
    "assignedUsers": [
      {
        "userID": "user3",
        "name": "Bob Johnson"
      }
    ],
    "softwareProduct": {
      "productID": "product2",
      "name": "Product B"
    },
    "AgreementStartDate": "2021-07-01",
    "AgreementEndDate": "2024-06-30"
  }
]
